"koi_disposition,koi_fpflag_nt,koi_fpflag_ss,koi_fpflag_co,koi_fpflag_ec,koi_period,koi_period_err1,koi_period_err2,koi_time0bk,koi_time0bk_err1,koi_time0bk_err2,koi_impact,koi_impact_err1,koi_impact_err2,koi_duration,koi_duration_err1,koi_duration_err2,koi_depth,koi_depth_err1,koi_depth_err2,koi_prad,koi_prad_err1,koi_prad_err2,koi_teq,koi_insol,koi_insol_err1,koi_insol_err2,koi_model_snr,koi_tce_plnt_num,koi_steff,koi_steff_err1,koi_steff_err2,koi_slogg,koi_slogg_err1,koi_slogg_err2,koi_srad,koi_srad_err1,koi_srad_err2,ra,dec,koi_kepmag
CONFIRMED,0,0,0,0,54.4183827,0.0002479,-0.0002479,162.51384,0.00352,-0.00352,0.586,0.059,-0.443,4.507,0.116,-0.116,874.8,35.5,-35.5,2.83,0.32,-0.19,443,9.11,2.87,-1.62,25.8,2,5455,81,-81,4.467,0.064,-0.096,0.927,0.105,-0.061,291.93423,48.141651,15.347
FALSE POSITIVE,0,1,0,0,19.89913995,1.49E-05,-1.49E-05,175.850252,0.000581,-0.000581,0.969,5.126,-0.077,1.7822,0.0341,-0.0341,10829,171,-171,14.6,3.92,-1.31,638,39.3,31.04,-10.49,76.3,1,5853,158,-176,4.544,0.044,-0.176,0.868,0.233,-0.078,297.00482,48.134129,15.436
FALSE POSITIVE,0,1,0,0,1.736952453,2.63E-07,-2.63E-07,170.307565,0.000115,-0.000115,1.276,0.115,-0.092,2.40641,0.00537,-0.00537,8079.2,12.8,-12.8,33.46,8.5,-2.83,1395,891.96,668.95,-230.35,505.6,1,5805,157,-174,4.564,0.053,-0.168,0.791,0.201,-0.067,285.53461,48.28521,15.597
CONFIRMED,0,0,0,0,2.525591777,3.76E-06,-3.76E-06,171.59555,0.00113,-0.00113,0.701,0.235,-0.478,1.6545,0.042,-0.042,603.3,16.9,-16.9,2.75,0.88,-0.35,1406,926.16,874.33,-314.24,40.9,1,6031,169,-211,4.438,0.07,-0.21,1.046,0.334,-0.133,288.75488,48.2262,15.509
CONFIRMED,0,0,0,0,4.13443512,1.05E-05,-1.05E-05,172.97937,0.0019,-0.0019,0.762,0.139,-0.532,3.1402,0.0673,-0.0673,686,18.7,-18.7,2.77,0.9,-0.3,1160,427.65,420.33,-136.7,40.2,2,6046,189,-232,4.486,0.054,-0.229,0.972,0.315,-0.105,296.28613,48.22467,15.714
CONFIRMED,0,0,0,0,2.56658897,1.78E-05,-1.78E-05,179.55437,0.00461,-0.00461,0.755,0.212,-0.523,2.429,0.165,-0.165,226.5,16.8,-16.8,1.59,0.52,-0.17,1360,807.74,793.91,-258.2,15,3,6046,189,-232,4.486,0.054,-0.229,0.972,0.315,-0.105,296.28613,48.22467,15.714
CONFIRMED,0,0,0,0,16.06864674,1.09E-05,-1.09E-05,173.621937,0.000517,-0.000517,0.052,0.262,-0.052,3.5347,0.0241,-0.0241,4914.3,33.3,-33.3,5.76,0.22,-0.49,600,30.75,4.46,-6.66,161.9,1,5031,75,-83,4.485,0.083,-0.028,0.848,0.033,-0.072,286.99948,48.37579,15.841
CONFIRMED,0,0,0,0,2.470613377,2.70E-08,-2.70E-08,122.763305,8.70E-06,-8.70E-06,0.818,0.001,-0.001,1.74319,0.00107,-0.00107,14231,4.2,-4.2,13.04,0.51,-0.51,1339,761.46,106.21,-95.76,4304.3,1,5820,78,-78,4.457,0.024,-0.024,0.964,0.038,-0.038,286.80847,49.316399,11.338
CONFIRMED,0,1,0,0,2.204735417,4.30E-08,-4.30E-08,121.3585417,1.60E-05,-1.60E-05,0.224,0.159,-0.216,3.88864,0.00203,-0.00203,6674.7,1.7,-1.7,16.1,0.81,-0.91,2048,4148.92,651.59,-654.46,5945.9,1,6440,76,-89,4.019,0.033,-0.027,1.952,0.099,-0.11,292.24728,47.969521,10.463
CONFIRMED,0,0,0,0,3.522498429,1.98E-07,-1.98E-07,121.1194228,4.71E-05,-4.71E-05,0.631,0.007,-0.007,3.19843,0.00653,-0.00653,9145.7,6.6,-6.6,14.59,1.11,-1.11,1521,1264.67,307.23,-276.48,1741.5,1,6225,112,-137,4.169,0.055,-0.045,1.451,0.11,-0.11,281.28812,42.45108,13.563
CONFIRMED,0,0,0,0,3.709214104,6.54E-06,-6.54E-06,133.98318,0.00143,-0.00143,0.051,0.395,-0.051,2.6302,0.0427,-0.0427,131.1,3,-3,1.16,0.17,-0.12,1206,500.46,197.96,-130.54,50.6,2,5833,105,-117,4.407,0.085,-0.114,1.022,0.143,-0.107,295.64871,48.49556,12.772
FALSE POSITIVE,0,1,0,0,11.52144606,1.98E-06,-1.98E-06,170.839688,0.000131,-0.000131,2.483,2.851,-0.673,3.6399,0.0114,-0.0114,17984,31.9,-31.9,150.51,39.76,-13.31,753,75.88,58.89,-19.99,622.1,1,5795,155,-172,4.554,0.033,-0.176,0.848,0.224,-0.075,297.07993,47.597401,15.472
FALSE POSITIVE,0,1,0,0,19.22138894,1.12E-06,-1.12E-06,184.5521637,4.50E-05,-4.50E-05,1.065,0.031,-0.034,4.79843,0.00235,-0.00235,74284,21.9,-21.9,49.29,16.03,-5,698,55.97,54.55,-16.4,2317,1,6117,182,-200,4.496,0.052,-0.208,0.947,0.308,-0.096,295.81454,47.69035,15.341
FALSE POSITIVE,0,1,0,0,16.46983774,1.36E-05,-1.36E-05,180.881761,0.000623,-0.000623,0.292,0.118,-0.101,9.4378,0.06,-0.06,10479,39.9,-39.9,7.94,0.89,-0.89,595,29.61,12.01,-8.91,303.4,1,5152,168,-153,4.517,0.088,-0.072,0.786,0.088,-0.088,297.15442,47.668701,15.788
CONFIRMED,0,0,0,0,9.27358173,1.04E-05,-1.04E-05,173.258155,0.000877,-0.000877,0.387,0.004,-0.386,3.2875,0.0309,-0.0309,1288.3,16.8,-16.8,2.47,0.2,-0.24,649,41.85,12.49,-11.7,87.2,1,4856,131,-146,4.583,0.065,-0.035,0.696,0.056,-0.068,288.13824,47.724449,15.302
CONFIRMED,0,0,0,0,6.02930329,5.51E-06,-5.51E-06,171.602959,0.000713,-0.000713,0.258,0.196,-0.258,1.5821,0.0311,-0.0311,1912.7,34.4,-34.4,2.85,0.26,-0.15,678,50.04,16.4,-9.88,65.4,1,4537,123,-123,4.648,0.02,-0.056,0.672,0.062,-0.036,283.71088,47.86327,15.784
FALSE POSITIVE,0,1,1,1,2.696370652,7.53E-06,-7.53E-06,170.73769,0.00234,-0.00234,0.044,0.36,-0.044,3.6129,0.0686,-0.0686,397.9,9.5,-9.5,1.58,0.13,-0.16,1066,305.34,96.64,-86.33,48.2,1,4989,149,-149,4.504,0.09,-0.06,0.819,0.067,-0.082,283.76547,47.804298,15.269
CONFIRMED,0,0,0,0,3.94105221,1.09E-05,-1.09E-05,136.08662,0.00233,-0.00233,0.226,0.243,-0.226,2.5984,0.0737,-0.0737,363.3,13.9,-13.9,1.7,0.11,-0.16,1018,253.15,51.91,-57.65,28.9,2,5185,85,-77,4.44,0.098,-0.045,0.91,0.057,-0.086,292.37613,47.880989,15.416
FALSE POSITIVE,0,1,0,0,386.6030528,0.0001369,-0.0001369,166.342079,0.000299,-0.000299,0.9765,0.0497,-0.0268,6.8057,0.0184,-0.0184,24927,45.8,-45.8,41.5,1.68,-1.68,297,1.84,0.26,-0.24,994,1,5543,79,-79,4.081,0.014,-0.014,1.58,0.064,-0.064,292.27374,37.671558,12.394
CONFIRMED,0,0,0,0,21.67699193,7.01E-05,-7.01E-05,171.53594,0.00258,-0.00258,0.896,0.01,-0.663,3.4555,0.0656,-0.0656,857.2,27.1,-27.1,2.95,0.12,-0.23,530,18.64,2.78,-3.8,34.3,1,4954,79,-79,4.5,0.075,-0.02,0.828,0.032,-0.065,290.46512,47.92918,15.377
CONFIRMED,0,0,0,0,4.99677968,1.39E-05,-1.39E-05,171.74208,0.00219,-0.00219,0.71,0.006,-0.533,2.1717,0.0762,-0.0762,934.7,39.7,-39.7,2.78,0.52,-0.23,917,166.95,102.06,-42.14,28.2,1,5339,175,-159,4.552,0.034,-0.136,0.847,0.161,-0.069,297.80826,47.946671,15.861
CONFIRMED,0,0,0,0,4.280963604,6.14E-06,-6.14E-06,171.89659,0.00115,-0.00115,0.424,0.112,-0.356,2.875,0.042,-0.042,750.8,14.1,-14.1,2.3,0.58,-0.19,1012,247.87,182.24,-63.32,61.8,1,5644,152,-169,4.564,0.032,-0.168,0.831,0.207,-0.069,294.26581,49.314091,15.356
FALSE POSITIVE,0,0,1,0,1.50635409,4.70E-07,-4.70E-07,170.998064,0.000246,-0.000246,0.86,0.042,-0.125,1.5155,0.0483,-0.0483,2211.7,18.3,-18.3,4.53,1.01,-0.44,1452,1054.12,703.1,-292.26,181.1,1,5714,155,-172,4.563,0.04,-0.16,0.831,0.186,-0.08,295.66522,49.351009,15.525
FALSE POSITIVE,1,0,0,0,670.645531,0.001237,-0.001237,209.04355,0.00157,-0.00157,0.701,0.004,-0.005,53.412,0.131,-0.131,18091,33.5,-33.5,14.14,2.13,-0.71,196,0.35,0.15,-0.06,642.7,1,5520,100,-111,4.466,0.032,-0.12,0.983,0.148,-0.049,296.69861,49.316479,15.207
FALSE POSITIVE,0,1,0,0,61.2563628,0.000156,-0.000156,173.83826,0.00209,-0.00209,1.248,6.912,-0.067,7.633,0.105,-0.105,5123.3,70.6,-70.6,39.87,12.79,-5.48,505,15.43,14.85,-5.51,85.3,1,6144,184,-220,4.402,0.072,-0.217,1.091,0.35,-0.15,283.72592,49.479519,15.25
CONFIRMED,0,0,0,0,41.19725502,9.35E-05,-9.35E-05,165.00404,0.00171,-0.00171,0.045,0.337,-0.045,4.6297,0.0633,-0.0633,2213.9,45.5,-45.5,3.86,0.15,-0.33,439,8.76,1.27,-1.9,51.2,2,5031,75,-83,4.485,0.083,-0.028,0.848,0.033,-0.072,286.99948,48.37579,15.841
CONFIRMED,0,0,0,0,6.252962249,9.58E-06,-9.58E-06,171.30126,0.00117,-0.00117,0.105,0.329,-0.105,2.5819,0.0426,-0.0426,1036.9,24.5,-24.5,2.65,0.1,-0.23,823,108.3,15.73,-23.44,47.1,3,5031,75,-83,4.485,0.083,-0.028,0.848,0.033,-0.072,286.99948,48.37579,15.841
CONFIRMED,0,0,0,0,32.62876672,5.80E-05,-5.80E-05,194.1019,0.00138,-0.00138,0.021,0.402,-0.021,4.7971,0.058,-0.058,1804.8,25.4,-25.4,3.36,0.76,-0.33,506,15.55,10.51,-4.18,80,1,5586,152,-152,4.56,0.05,-0.15,0.798,0.181,-0.077,285.71854,48.505859,15.082
CONFIRMED,0,0,0,0,91.7732862,0.0007518,-0.0007518,193.8378,0.00643,-0.00643,0.606,0.335,-0.4,6.473,0.204,-0.204,652,36.2,-36.2,2.12,0.48,-0.21,359,3.92,2.64,-1.06,19.1,2,5586,152,-152,4.56,0.05,-0.15,0.798,0.181,-0.077,285.71854,48.505859,15.082
CANDIDATE,0,0,0,0,4.959319244,5.15E-07,-5.15E-07,172.2585292,8.27E-05,-8.27E-05,0.831,0.016,-0.004,2.22739,0.0075,-0.0075,9802,20,-20,12.21,1.96,-1.46,1103,349.4,146.52,-93.21,696.5,1,5712,77,-77,4.359,0.11,-0.11,1.082,0.173,-0.13,292.16705,48.727589,15.263
FALSE POSITIVE,0,1,1,0,2.701287801,5.63E-06,-5.63E-06,170.69579,0.00164,-0.00164,1.016,3.967,-0.059,3.3827,0.0892,-0.0892,860.4,20.9,-20.9,6.54,1.64,-0.75,1222,527.81,411.33,-166.35,48.3,1,5550,182,-182,4.468,0.091,-0.169,0.91,0.228,-0.105,297.92365,48.777321,15.54
CONFIRMED,0,0,0,0,4.49876511,1.78E-05,-1.78E-05,171.34905,0.003,-0.003,0.312,0.154,-0.312,3.7362,0.0934,-0.0934,460,17.5,-17.5,2.1,0.65,-0.22,1133,389.62,365.71,-117.4,29.5,1,6075,189,-210,4.486,0.052,-0.208,0.969,0.3,-0.1,298.45685,48.791592,15.395
FALSE POSITIVE,0,1,0,0,19.65120951,5.86E-06,-5.86E-06,179.401981,0.000249,-0.000249,0.723,0.01,-0.02,5.2514,0.0179,-0.0179,11766,27.7,-27.7,12.42,3.92,-1.69,730,67.03,62.46,-23.51,513.4,1,6074,168,-210,4.391,0.09,-0.21,1.063,0.336,-0.144,291.0939,48.933842,15.536
CONFIRMED,0,0,0,0,5.412203927,3.05E-06,-3.05E-06,133.143089,0.000468,-0.000468,0.787,0.005,-0.565,2.9472,0.024,-0.024,601.6,4,-4,2.94,0.43,-0.38,1093,337.68,137.29,-102.18,166.7,1,5779,104,-115,4.339,0.132,-0.108,1.087,0.157,-0.142,287.88733,46.276241,12.791
CONFIRMED,0,0,0,0,41.43958662,7.56E-05,-7.56E-05,208.93203,0.00142,-0.00142,0.355,0.04,-0.355,10.5989,0.088,-0.088,2793.1,22.6,-22.6,5.5,1.57,-0.96,516,16.72,14.66,-6.64,141.1,1,5468,180,-164,4.367,0.153,-0.187,1.046,0.297,-0.183,295.55505,49.017342,15.4
CONFIRMED,0,0,0,0,8.35389523,1.52E-05,-1.52E-05,171.63257,0.00133,-0.00133,0.023,0.423,-0.023,2.2514,0.0518,-0.0518,1041.6,28.2,-28.2,2.52,0.54,-0.24,790,91.9,59.06,-24.15,43.4,1,5592,152,-152,4.582,0.036,-0.144,0.787,0.169,-0.073,285.49924,49.277351,15.317
CONFIRMED,0,0,0,0,4.125543472,3.13E-06,-3.13E-06,169.752585,0.000613,-0.000613,0.597,0.235,-0.367,3.1744,0.0362,-0.0362,1487.3,13.3,-13.3,4.43,1.44,-0.51,1243,565.35,542.47,-188.14,128.6,1,6174,173,-239,4.417,0.056,-0.21,1.103,0.358,-0.128,291.93616,49.253979,15.506
CONFIRMED,0,0,0,0,2.816504904,1.65E-07,-1.65E-07,170.9676846,4.66E-05,-4.66E-05,0.105,0.264,-0.119,2.50587,0.00666,-0.00666,16814,11,-11,12.21,1.62,-0.87,1219,521.13,184.34,-97.95,1406.8,1,5532,74,-83,4.452,0.063,-0.108,0.955,0.127,-0.068,297.01547,49.225288,15.052
FALSE POSITIVE,0,1,1,0,33.93373447,6.15E-05,-6.15E-05,186.67608,0.00137,-0.00137,0.812,0.006,-0.009,14.561,0.104,-0.104,8503.7,44.3,-44.3,7.34,0.9,-0.6,430,8.11,3.25,-2.06,236.1,1,5040,136,-151,4.628,0.03,-0.07,0.705,0.086,-0.058,284.17233,49.360722,15.716
CONFIRMED,0,0,0,0,4.431238488,6.11E-06,-6.11E-06,171.015,0.00111,-0.00111,0.405,0.041,-0.405,3.15,0.0423,-0.0423,1010.9,15.2,-15.2,3.25,0.47,-0.25,1104,351.23,135.26,-68.33,71.1,1,5714,77,-77,4.428,0.063,-0.117,1.015,0.148,-0.079,295.81616,51.121738,15.367
CONFIRMED,0,0,0,0,11.37936986,2.42E-05,-2.42E-05,133.84992,0.00183,-0.00183,0.911,0.009,-0.656,2.6255,0.073,-0.073,1023.5,29.7,-29.7,3.95,0.57,-0.31,806,99.68,38.38,-19.39,37.9,2,5714,77,-77,4.428,0.063,-0.117,1.015,0.148,-0.079,295.81616,51.121738,15.367
CONFIRMED,0,0,0,0,13.57078281,1.59E-05,-1.59E-05,136.279194,0.000957,-0.000957,0.866,0.015,-0.621,3.3539,0.0489,-0.0489,511.7,6.3,-6.3,2.64,0.4,-0.27,785,89.61,38.12,-22.92,88.4,1,5854,105,-117,4.406,0.09,-0.11,1.012,0.154,-0.103,300.86398,44.337551,12.882
CONFIRMED,0,0,0,0,7.12594387,1.41E-05,-1.41E-05,139.00492,0.00159,-0.00159,0.898,0.013,-0.699,3.0014,0.0384,-0.0384,192.4,4.4,-4.4,1.79,0.26,-0.23,997,233.31,94.86,-70.6,47.1,2,5779,104,-115,4.339,0.132,-0.108,1.087,0.157,-0.142,287.88733,46.276241,12.791
FALSE POSITIVE,0,1,0,0,7.442652004,7.02E-07,-7.02E-07,169.9717797,7.32E-05,-7.32E-05,0.137,0.346,-0.224,2.3078,0.0129,-0.0129,24446,37.8,-37.8,15.03,4.73,-1.58,967,206.78,195.52,-61.76,835.6,1,6108,183,-201,4.469,0.07,-0.21,0.956,0.301,-0.1,288.98682,49.733742,15.27
CONFIRMED,0,0,0,0,16.38489988,5.22E-05,-5.22E-05,172.72782,0.00248,-0.00248,0.001,0.437,-0.001,3.0249,0.0798,-0.0798,1127.1,42,-42,2,0.09,-0.1,433,8.35,1.49,-1.35,28.9,2,4126,82,-82,4.661,0.022,-0.022,0.615,0.027,-0.029,286.73804,49.97575,15.095
CONFIRMED,0,0,0,0,36.4454001,0.0001809,-0.0001809,151.60125,0.00392,-0.00392,0.028,0.437,-0.028,4.007,0.126,-0.126,1122.3,53.4,-53.4,1.99,0.09,-0.09,332,2.88,0.51,-0.47,21.7,3,4126,82,-82,4.661,0.022,-0.022,0.615,0.027,-0.029,286.73804,49.97575,15.095
CONFIRMED,0,0,0,0,3.728732147,9.36E-07,-9.36E-07,171.793255,0.000195,-0.000195,0.558,0.13,-0.149,2.683,0.035,-0.035,5226.5,18.5,-18.5,6.02,1.22,-0.52,1023,258.34,162.58,-65.21,345.2,1,5497,166,-149,4.577,0.034,-0.136,0.809,0.164,-0.07,290.78574,50.054119,15.523
CANDIDATE,0,0,0,0,40.4195037,0.0001139,-0.0001139,173.56469,0.00222,-0.00222,0.911,5.567,-0.118,3.362,0.14,-0.14,6256,230,-230,7.51,1.12,-0.91,467,11.29,5.67,-3.57,36.9,1,5446,179,-163,4.507,0.116,-0.105,0.781,0.116,-0.095,294.31686,50.080231,15.487
CONFIRMED,0,0,0,0,2.243380573,2.67E-06,-2.67E-06,170.679233,0.0009,-0.0009,0.915,0.009,-0.63,1.1196,0.0384,-0.0384,821.7,25.6,-25.6,1.99,0.1,-0.12,822,107.6,21.47,-20.32,38.9,1,4149,82,-91,4.698,0.024,-0.027,0.564,0.03,-0.033,285.17621,50.149818,15.135
CONFIRMED,0,0,0,0,2.337437946,1.95E-06,-1.95E-06,171.761982,0.000659,-0.000659,0.28,0.189,-0.28,1.9982,0.0271,-0.0271,971.2,13.7,-13.7,2.34,0.17,-0.09,1070,311.16,69.46,-40.17,82.4,1,5005,79,-79,4.595,0.012,-0.064,0.765,0.055,-0.028,293.83331,50.23035,15.334
CANDIDATE,0,0,0,0,7.2406612,1.62E-05,-1.62E-05,137.75545,0.002,-0.002,1.198,49.85,-0.258,0.558,0.171,-0.171,556.4,44.1,-44.1,19.45,1.4,-0.71,734,68.63,15.32,-8.86,13.7,2,5005,79,-79,4.595,0.012,-0.064,0.765,0.055,-0.028,293.83331,50.23035,15.334
CANDIDATE,0,0,0,0,3.43591631,4.73E-05,-4.73E-05,132.6624,0.011,-0.011,0.624,0.037,-0.476,3.133,0.407,-0.407,23.2,3.4,-3.4,0.55,0.08,-0.07,1272,617.61,251.11,-186.88,8.7,3,5779,104,-115,4.339,0.132,-0.108,1.087,0.157,-0.142,287.88733,46.276241,12.791
CONFIRMED,0,0,0,0,11.59822233,1.41E-05,-1.41E-05,180.395376,0.000923,-0.000923,0.679,0.187,-0.47,2.5237,0.052,-0.052,2804.5,46.3,-46.3,2.65,0.21,-0.29,396,5.82,1.49,-1.63,71,1,3688,73,-91,4.79,0.05,-0.045,0.473,0.037,-0.051,296.22195,50.28722,15.937
CONFIRMED,0,0,0,0,7.275040844,4.68E-06,-4.68E-06,169.994217,0.000507,-0.000507,0.547,0.052,-0.229,7.5377,0.0681,-0.0681,3001,11.5,-11.5,4.86,1.05,-0.37,833,113.64,75.31,-28.97,312.1,1,5485,164,-180,4.556,0.028,-0.161,0.867,0.187,-0.067,295.45529,50.49456,15.08
CONFIRMED,0,0,0,0,19.27153892,4.15E-05,-4.15E-05,186.77093,0.00182,-0.00182,0.031,0.36,-0.031,2.7594,0.0551,-0.0551,1219.8,35.3,-35.3,1.93,0.1,-0.12,393,5.66,1.13,-1.06,37.1,1,4077,81,-81,4.702,0.027,-0.027,0.56,0.03,-0.034,293.97336,50.53191,15.385
CONFIRMED,0,0,0,0,10.06524317,1.49E-05,-1.49E-05,136.28906,0.00119,-0.00119,0.628,0.003,-0.478,1.369,0.0393,-0.0393,1053.3,39.2,-39.2,1.91,0.1,-0.12,488,13.43,2.69,-2.5,30.3,2,4077,81,-81,4.702,0.027,-0.027,0.56,0.03,-0.034,293.97336,50.53191,15.385
CONFIRMED,0,0,0,0,12.3935651,3.93E-05,-3.93E-05,178.74725,0.00245,-0.00245,0.883,0.033,-0.64,3.8896,0.0834,-0.0834,916.6,29.1,-29.1,2.66,0.54,-0.23,677,49.68,31.16,-12.97,35.8,1,5557,166,-166,4.603,0.034,-0.128,0.75,0.152,-0.065,296.02133,50.56778,15.505
CONFIRMED,0,0,0,0,43.84439721,9.61E-05,-9.61E-05,151.93538,0.00192,-0.00192,0.852,0.039,-0.585,6.802,0.119,-0.119,615.2,7.7,-7.7,2.87,0.43,-0.3,531,18.77,7.98,-4.8,83.7,2,5854,105,-117,4.406,0.09,-0.11,1.012,0.154,-0.103,300.86398,44.337551,12.882
FALSE POSITIVE,0,1,1,0,3.341913228,9.95E-06,-9.95E-06,171.63943,0.00247,-0.00247,1.213,11.28,-0.141,3.813,0.12,-0.12,725.3,21.3,-21.3,21.55,3.54,-1.89,1032,268.67,145.91,-70.67,39,1,5295,175,-159,4.551,0.049,-0.105,0.811,0.133,-0.071,292.31595,38.27029,15.629
CANDIDATE,0,0,0,0,1.626630225,1.02E-06,-1.02E-06,169.820171,0.000487,-0.000487,1.26,4.827,-0.043,2.1145,0.0285,-0.0285,1620.6,19,-19,32.43,9,-4.83,1547,1355.88,1105.99,-486.6,103.6,1,5735,155,-172,4.41,0.124,-0.186,0.973,0.27,-0.145,294.36819,38.31028,15.279
CONFIRMED,0,0,0,0,60.4189369,0.0005043,-0.0005043,181.16367,0.00625,-0.00625,0.094,0.359,-0.094,5.039,0.184,-0.184,931.3,49.6,-49.6,2.36,0.34,-0.2,390,5.49,2.58,-1.4,20.1,2,5354,159,-159,4.587,0.032,-0.104,0.788,0.113,-0.066,296.36652,51.319519,15.339
CONFIRMED,0,0,0,0,12.61190435,6.65E-06,-6.65E-06,180.892284,0.000413,-0.000413,0.55,0.065,-0.128,5.1497,0.0592,-0.0592,6105.6,27.6,-27.6,7.4,2.2,-0.73,753,76.15,66.33,-21.39,277.2,1,5795,156,-173,4.508,0.039,-0.208,0.919,0.273,-0.091,289.11221,51.737381,15.14
FALSE POSITIVE,0,1,0,0,1.433769925,7.41E-07,-7.41E-07,170.403536,0.000397,-0.000397,1.268,5.652,-0.123,1.8868,0.0232,-0.0232,1976.3,20.4,-20.4,46.58,8.01,-8,1920,3209.29,1411.94,-1136.62,112.6,1,6017,72,-90,4.22,0.156,-0.117,1.339,0.23,-0.23,290.84369,37.728828,15.122
CONFIRMED,0,0,0,0,2.539183147,5.07E-06,-5.07E-06,169.67494,0.0016,-0.0016,0.238,0.198,-0.238,2.4282,0.0559,-0.0559,382.1,11.4,-11.4,2.06,0.29,-0.28,1332,743.09,290.34,-212.44,38.9,1,5519,82,-74,4.35,0.126,-0.103,1.062,0.154,-0.14,291.43997,37.905659,15.026
CONFIRMED,0,0,0,0,6.770300385,9.54E-06,-9.54E-06,170.57662,0.00108,-0.00108,0.838,0.083,-0.589,2.0844,0.0454,-0.0454,1304,29.7,-29.7,2.77,0.46,-0.15,812,102.87,53.88,-21.24,50.8,1,5653,166,-166,4.656,0.028,-0.112,0.679,0.112,-0.037,290.87051,38.273628,15.591
FALSE POSITIVE,0,1,1,1,0.444291966,9.70E-08,-9.70E-08,169.865406,0.000169,-0.000169,1.258,0.334,-0.141,2.0792,0.0115,-0.0115,10967,45.9,-45.9,27.51,3.46,-1.73,1836,2706.26,1149.42,-599.58,299.7,1,5255,156,-156,4.678,0.028,-0.083,0.636,0.08,-0.04,290.99689,38.28492,15.748
CANDIDATE,0,0,0,0,10.181584,6.19E-06,-6.19E-06,177.141891,0.000483,-0.000483,0.92,0.007,-0.005,3.5089,0.0331,-0.0331,5741.1,53.2,-53.2,7.73,2.17,-0.72,812,102.91,86.75,-28.91,183.6,1,5988,179,-197,4.541,0.048,-0.192,0.836,0.234,-0.078,291.28195,38.241669,15.657
CONFIRMED,0,0,0,0,20.06036336,5.84E-05,-5.84E-05,147.46554,0.00241,-0.00241,0.556,0.323,-0.368,3.3203,0.0754,-0.0754,1494.7,45.1,-45.1,1.96,0.13,-0.16,361,4,0.89,-0.9,35.2,2,3950,70,-86,4.754,0.042,-0.031,0.493,0.033,-0.04,286.07913,39.27832,15.954
CONFIRMED,0,0,0,0,46.1842039,0.0002654,-0.0002654,165.23729,0.0043,-0.0043,0.013,0.415,-0.013,4.758,0.13,-0.13,1394.7,56.4,-56.4,1.83,0.12,-0.15,273,1.32,0.29,-0.3,26,3,3950,70,-86,4.754,0.042,-0.031,0.493,0.033,-0.04,286.07913,39.27832,15.954
CONFIRMED,0,0,0,0,23.9800854,0.0002003,-0.0002003,147.537,0.00647,-0.00647,0.95,0.004,-0.66,5.351,0.177,-0.177,104,6.5,-6.5,1.31,0.2,-0.13,649,41.94,17.84,-10.73,17.1,4,5854,105,-117,4.406,0.09,-0.11,1.012,0.154,-0.103,300.86398,44.337551,12.882
CONFIRMED,0,0,0,0,3.895936525,7.71E-07,-7.71E-07,170.527552,0.000157,-0.000157,0.524,0.069,-0.237,2.3111,0.0302,-0.0302,8544.8,29.5,-29.5,7.34,1.53,-0.65,1005,241.62,155.31,-64.19,370.8,1,5557,167,-167,4.592,0.034,-0.136,0.774,0.161,-0.069,294.65524,39.308361,15.725
CONFIRMED,0,0,0,0,22.36646466,9.76E-05,-9.76E-05,175.45862,0.00354,-0.00354,0.4,0.066,-0.4,5.228,0.122,-0.122,986.8,35.1,-35.1,2.32,0.38,-0.16,536,19.45,10.29,-4.56,32.1,1,5395,160,-160,4.615,0.032,-0.104,0.734,0.122,-0.052,294.71063,39.52174,15.583
CONFIRMED,0,0,0,0,1.625522174,1.58E-07,-1.58E-07,170.8266564,7.61E-05,-7.61E-05,0.076,0.022,-0.076,2.38963,0.00338,-0.00338,7969,11.8,-11.8,9.73,1.41,-1.42,1579,1467.41,576.36,-452.24,799.7,1,5539,83,-74,4.322,0.137,-0.1,1.106,0.161,-0.161,293.87192,38.422939,15.001
FALSE POSITIVE,1,0,1,0,7.544039,0.0001023,-0.0001023,171.7982,0.0105,-0.0105,1.175,33.63,-0.911,6.222,0.731,-0.731,322.6,28.2,-28.2,17.47,4.12,-1.65,838,116.46,81.18,-31.91,14.2,2,5657,152,-169,4.567,0.038,-0.152,0.824,0.194,-0.078,293.94116,38.601101,15.559
CANDIDATE,0,0,0,0,9.02930689,1.65E-05,-1.65E-05,177.20422,0.00142,-0.00142,0.024,0.401,-0.024,3.1449,0.0528,-0.0528,1019.8,21.9,-21.9,2.57,0.44,-0.26,757,77.75,43.01,-22.28,53.9,1,5349,167,-167,4.526,0.063,-0.108,0.82,0.141,-0.082,290.33362,38.72823,15.387
FALSE POSITIVE,0,1,0,0,10.32803571,3.76E-06,-3.76E-06,174.581054,0.000306,-0.000306,0.281,0.04,-0.064,7.7915,0.0272,-0.0272,16918,31.8,-31.8,13.28,3.64,-2.41,843,119.31,98.49,-48.58,636.8,1,5627,169,-169,4.359,0.18,-0.18,1.024,0.28,-0.186,287.69675,38.886452,15.646
CONFIRMED,0,0,0,0,6.164876,4.64E-05,-4.64E-05,135.63916,0.00661,-0.00661,0.646,0.323,-0.43,3.262,0.186,-0.186,55.8,4.3,-4.3,0.79,0.13,-0.08,1021,256.35,109.03,-65.57,14.4,3,5854,105,-117,4.406,0.09,-0.11,1.012,0.154,-0.103,300.86398,44.337551,12.882
CONFIRMED,0,0,0,0,60.32494216,3.21E-05,-3.21E-05,243.892578,0.000423,-0.000423,0.224,0.067,-0.146,6.6188,0.0327,-0.0327,20280,64,-64,12.19,1.11,-0.52,411,6.77,1.89,-1.09,347.2,1,5485,98,-120,4.556,0.014,-0.081,0.867,0.079,-0.037,285.28363,38.947281,15.403
FALSE POSITIVE,0,0,1,1,1.540397253,2.70E-06,-2.70E-06,170.50479,0.0015,-0.0015,1.225,6.813,-0.101,2.1541,0.0846,-0.0846,816.1,25.7,-25.7,25.69,7.44,-2.33,1470,1105.68,965.56,-306.98,38.8,1,5663,171,-188,4.53,0.036,-0.204,0.915,0.265,-0.083,286.92639,38.921631,15.974
FALSE POSITIVE,0,0,1,1,2.99025443,1.17E-05,-1.17E-05,171.9834,0.00309,-0.00309,0.014,0.334,-0.014,5.414,0.113,-0.113,589.2,14.1,-14.1,1.7,0.1,-0.15,918,168.45,43.55,-45.45,48.5,1,4667,140,-154,4.578,0.048,-0.028,0.731,0.042,-0.063,287.74881,38.92955,15.842
CONFIRMED,0,0,0,0,1.594745374,1.13E-07,-1.13E-07,170.6483505,5.79E-05,-5.79E-05,0.514,0.022,-0.037,1.9604,0.0106,-0.0106,15044,20.3,-20.3,11.3,3.09,-1.33,1539,1329.42,1067.75,-412.98,1009.3,1,5934,160,-178,4.491,0.065,-0.195,0.893,0.244,-0.105,285.21381,39.027481,15.53
CANDIDATE,0,0,0,0,4.783002698,5.43E-06,-5.43E-06,170.508434,0.000943,-0.000943,0.003,0.425,-0.003,2.335,0.0332,-0.0332,1008.7,16.6,-16.6,2.5,0.34,-0.19,886,145.48,66.39,-35.12,70.6,1,5170,155,-155,4.574,0.026,-0.097,0.807,0.111,-0.06,287.09399,39.060719,15.119
CONFIRMED,0,0,0,0,3.340218842,3.18E-06,-3.18E-06,171.979062,0.00075,-0.00075,0.466,0.002,-0.437,1.9104,0.0318,-0.0318,1632.6,26.6,-26.6,2.03,0.13,-0.17,656,43.73,9.67,-9.92,71.6,1,3950,70,-86,4.754,0.042,-0.031,0.493,0.033,-0.04,286.07913,39.27832,15.954
FALSE POSITIVE,0,1,1,0,2.507089906,2.40E-06,-2.40E-06,171.002455,0.000835,-0.000835,1.255,16.5,-0.349,2.0067,0.0427,-0.0427,1339.2,24.7,-24.7,30.26,9.57,-3.19,1326,730.47,699.82,-230.11,64.9,1,5926,184,-226,4.506,0.054,-0.216,0.939,0.297,-0.099,295.37805,40.493401,15.555
CONFIRMED,0,0,0,0,18.64932728,5.20E-05,-5.20E-05,174.771,0.00224,-0.00224,0.08,0.329,-0.08,4.4056,0.0687,-0.0687,893.6,20.9,-20.9,3.12,0.47,-0.28,701,57.13,22.99,-12.26,46.1,1,5775,78,-78,4.405,0.066,-0.123,1.053,0.161,-0.094,290.46176,40.562462,15.386
CONFIRMED,0,0,0,0,9.75192101,4.83E-05,-4.83E-05,138.78608,0.0036,-0.0036,0.949,0.028,-0.673,4.793,0.181,-0.181,418,16.2,-16.2,2.76,0.43,-0.24,870,135.66,54.6,-29.09,28.5,3,5775,78,-78,4.405,0.066,-0.123,1.053,0.161,-0.094,290.46176,40.562462,15.386
CONFIRMED,0,0,0,0,38.5576546,0.0001765,-0.0001765,163.85063,0.00407,-0.00407,0.911,0.025,-0.663,5.794,0.199,-0.199,993,26.8,-26.8,4.02,0.62,-0.36,550,21.71,8.73,-4.66,39.7,2,5775,78,-78,4.405,0.066,-0.123,1.053,0.161,-0.094,290.46176,40.562462,15.386
CONFIRMED,0,0,0,0,3.525632539,1.50E-07,-1.50E-07,170.0479951,3.33E-05,-3.33E-05,0.12,0.006,-0.084,2.59959,0.00079,-0.00079,22335,13.1,-13.1,11.58,0.9,-0.48,975,213.12,50.79,-29.54,1996.7,1,5150,82,-82,4.572,0.02,-0.064,0.793,0.062,-0.033,290.58173,40.5774,15.224
CONFIRMED,0,0,0,0,7.748094239,7.55E-06,-7.55E-06,174.997206,0.000765,-0.000765,0.517,0.237,-0.325,3.5957,0.043,-0.043,2472.1,25.7,-25.7,5.52,1.7,-0.56,964,204.39,186.49,-63.82,113.2,1,5973,169,-232,4.439,0.052,-0.221,1.085,0.334,-0.111,294.4899,39.771439,15.67
CONFIRMED,0,0,0,0,8.11437482,1.09E-05,-1.09E-05,176.33968,0.00107,-0.00107,0.573,0,-0.468,2.2736,0.0447,-0.0447,1558,32,-32,2.1,0.14,-0.16,460,10.55,2.46,-2.31,56.4,1,3692,73,-83,4.753,0.032,-0.039,0.517,0.035,-0.039,288.81201,40.033401,15.877
FALSE POSITIVE,0,1,0,0,38.03672948,3.48E-06,-3.48E-06,196.934947,7.16E-05,-7.16E-05,0.501,0.003,-0.005,4.34617,0.00645,-0.00645,82872,83.3,-83.3,27.5,5.28,-2.27,500,14.81,8.85,-3.91,1300,1,5575,166,-183,4.521,0.038,-0.152,0.932,0.179,-0.077,294.14789,40.055538,15.472
FALSE POSITIVE,0,1,0,0,4.64090031,1.49E-05,-1.49E-05,173.64638,0.00261,-0.00261,1.28,0.098,-0.07,35.512,0.274,-0.274,2450.6,11.7,-11.7,30.09,5.79,-3.14,1155,421.08,257.38,-124,296.9,1,6463,205,-205,4.5,0.087,-0.163,0.826,0.159,-0.086,295.11371,40.071171,15.27
CONFIRMED,0,0,0,0,14.74914825,2.17E-05,-2.17E-05,138.77799,0.00118,-0.00118,0.173,0.262,-0.173,6.0995,0.044,-0.044,430.2,4.2,-4.2,2.89,0.13,-0.1,874,137.91,19.38,-15.39,107.4,1,5847,64,-75,4.191,0.02,-0.018,1.402,0.063,-0.046,297.02826,48.208611,12.487
CONFIRMED,0,0,0,0,21.81295996,7.23E-05,-7.23E-05,174.01085,0.00261,-0.00261,0.053,0.394,-0.053,4.3791,0.091,-0.091,1175.4,35.8,-35.8,3.38,0.91,-0.49,639,39.33,31.88,-13.85,37.8,1,5601,166,-166,4.41,0.116,-0.188,0.999,0.269,-0.145,294.77686,40.15374,15.54
CONFIRMED,0,0,0,0,15.37562369,1.02E-05,-1.02E-05,173.61402,0.000608,-0.000608,0.692,0.033,-0.066,3.3169,0.0645,-0.0645,15337,114,-114,11.01,0.44,-0.82,600,30.54,4.61,-5.99,166,1,4986,79,-79,4.496,0.075,-0.025,0.833,0.033,-0.062,283.25354,40.358189,16.422
CONFIRMED,0,0,0,0,8.10363271,2.03E-05,-2.03E-05,176.9486,0.00205,-0.00205,0.047,0.409,-0.047,3.161,0.0635,-0.0635,887.9,24.5,-24.5,2.11,0.18,-0.2,687,52.82,16.3,-14.35,39.3,1,4861,131,-146,4.574,0.054,-0.041,0.732,0.062,-0.068,283.22141,40.421829,15.289
CONFIRMED,0,0,0,0,4.71510843,1.94E-05,-1.94E-05,134.96178,0.00324,-0.00324,0.258,0.195,-0.258,2.506,0.103,-0.103,417.5,22,-22,1.46,0.12,-0.14,823,108.84,33.58,-29.57,21.3,2,4861,131,-146,4.574,0.054,-0.041,0.732,0.062,-0.068,283.22141,40.421829,15.289
CONFIRMED,0,0,0,0,6.365839713,8.06E-06,-8.06E-06,171.13575,0.001,-0.001,0.524,0.009,-0.46,2.9721,0.0408,-0.0408,780.7,13.1,-13.1,2.44,0.6,-0.21,914,165.33,121.73,-40.81,70.8,1,5776,155,-155,4.554,0.042,-0.168,0.849,0.212,-0.071,291.14951,40.420521,15.09
CONFIRMED,0,0,0,0,3.04033046,3.37E-07,-3.37E-07,169.9490106,8.86E-05,-8.86E-05,0.736,0.013,-0.024,1.8411,0.0168,-0.0168,10859,25.8,-25.8,8.99,0.8,-0.99,1021,257.29,86.59,-76.86,568.2,1,5035,151,-151,4.519,0.084,-0.063,0.791,0.071,-0.087,299.3161,40.82238,15.028
CONFIRMED,0,0,0,0,31.33046135,3.98E-05,-3.98E-05,153.43031,0.00103,-0.00103,0.798,0.021,-0.043,5.176,0.102,-0.102,5073.8,48.4,-48.4,6.5,0.64,-0.23,481,12.61,3.84,-1.79,117.2,1,5251,105,-105,4.581,0.01,-0.085,0.817,0.08,-0.029,292.23676,41.08588,15.855
FALSE POSITIVE,0,1,0,0,9.286358079,5.46E-07,-5.46E-07,171.8214689,4.50E-05,-4.50E-05,0.377,0.009,-0.009,3.49949,0.00533,-0.00533,44791,32.8,-32.8,17.61,4.05,-1.87,796,95.03,66.72,-27.73,1671.1,1,5670,169,-169,4.523,0.066,-0.154,0.821,0.189,-0.087,294.74396,40.53392,15.365
CONFIRMED,0,0,0,0,13.23352214,4.50E-05,-4.50E-05,140.32196,0.00275,-0.00275,0.014,0.399,-0.014,6.7372,0.0875,-0.0875,504.6,10.8,-10.8,3.06,0.54,-0.58,888,146.67,72.35,-57.65,49.1,2,5739,114,-103,4.191,0.162,-0.108,1.384,0.242,-0.266,287.89713,40.637821,15.084
CONFIRMED,0,0,0,0,6.15560285,2.70E-05,-2.70E-05,134.81656,0.00345,-0.00345,0.235,0.204,-0.235,4.9843,0.0994,-0.0994,285,8.6,-8.6,2.32,0.4,-0.45,1146,406.94,200.73,-159.95,35.1,3,5739,114,-103,4.191,0.162,-0.108,1.384,0.242,-0.266,287.89713,40.637821,15.084
CONFIRMED,0,0,0,0,2.090811305,9.57E-06,-9.57E-06,134.17462,0.00398,-0.00398,0.746,0.053,-0.521,3.388,0.106,-0.106,115.9,6.4,-6.4,1.62,0.28,-0.32,1642,1718.04,847.46,-675.28,19.9,5,5739,114,-103,4.191,0.162,-0.108,1.384,0.242,-0.266,287.89713,40.637821,15.084
CONFIRMED,0,0,0,0,3.180027898,7.28E-06,-7.28E-06,133.49863,0.00181,-0.00181,0.196,0.242,-0.196,3.5797,0.0558,-0.0558,120.3,2.7,-2.7,1.53,0.07,-0.05,1458,1066.86,149.88,-119.09,50.4,2,5847,64,-75,4.191,0.02,-0.018,1.402,0.063,-0.046,297.02826,48.208611,12.487
CONFIRMED,0,0,0,0,56.2279271,0.0003134,-0.0003134,132.29259,0.00471,-0.00471,0.7,0.208,-0.496,3.57,0.134,-0.134,862.7,44.9,-44.9,2.37,0.17,-0.09,366,4.22,1.02,-0.6,20.9,2,4959,99,0,4.603,0.011,-0.06,0.756,0.054,-0.027,294.20215,40.66341,15.208
FALSE POSITIVE,0,1,1,1,2.384052875,4.74E-06,-4.74E-06,171.58362,0.00163,-0.00163,1.178,5.685,-0.115,3.0918,0.0817,-0.0817,1268.1,29.9,-29.9,17.06,1.32,-1.6,1010,244.87,71.26,-67.02,50.5,1,4794,130,-144,4.58,0.063,-0.032,0.701,0.054,-0.066,299.64285,40.691238,15.836
CONFIRMED,0,0,0,0,7.953547,1.91E-05,-1.91E-05,174.66224,0.00182,-0.00182,0.3,0.145,-0.3,2.6312,0.0595,-0.0595,875.4,25.3,-25.3,2.25,0.07,-0.14,696,55.37,7.15,-10.12,38.4,1,4768,76,-85,4.536,0.056,-0.016,0.779,0.023,-0.049,291.15878,40.750271,15.66
CONFIRMED,0,0,0,0,4.14451656,1.44E-05,-1.44E-05,135.92831,0.00313,-0.00313,0.004,0.471,-0.003,2.3421,0.0984,-0.0984,391.8,19.8,-19.8,1.48,0.05,-0.09,864,132.08,17.05,-24.15,22.8,2,4768,76,-85,4.536,0.056,-0.016,0.779,0.023,-0.049,291.15878,40.750271,15.66
FALSE POSITIVE,0,1,0,0,4.859386384,1.27E-06,-1.27E-06,173.011469,0.000207,-0.000207,1.259,1.089,-0.178,2.2757,0.0122,-0.0122,6044.3,27.2,-27.2,38.33,12.8,-4.27,1114,364.23,358.71,-118.09,269.7,1,6072,168,-232,4.47,0.056,-0.224,0.988,0.33,-0.11,292.21436,40.759762,15.311
CONFIRMED,0,0,0,0,4.583520948,4.18E-06,-4.18E-06,169.973972,0.000733,-0.000733,0.045,0.319,-0.045,2.7055,0.0321,-0.0321,3812.1,44.5,-44.5,5.39,1.6,-0.53,1038,274.98,239.18,-77.52,99.5,1,5815,157,-175,4.54,0.038,-0.212,0.877,0.26,-0.087,299.18686,41.74268,15.287
CONFIRMED,0,0,0,0,8.20396958,1.49E-05,-1.49E-05,169.69138,0.00143,-0.00143,0.823,0.001,-0.58,2.9667,0.0529,-0.0529,1024.4,21.2,-21.2,3.01,0.24,-0.3,742,71.5,22.24,-20.23,54.4,1,5015,149,-149,4.499,0.09,-0.06,0.826,0.066,-0.083,286.5657,41.808399,15.376
CONFIRMED,0,0,0,0,14.49645186,6.36E-05,-6.36E-05,143.41659,0.00409,-0.00409,0.97,0.002,-0.663,4.016,0.305,-0.305,647.5,26.7,-26.7,3.01,0.24,-0.3,613,33.48,10.42,-9.47,25.7,2,5015,149,-149,4.499,0.09,-0.06,0.826,0.066,-0.083,286.5657,41.808399,15.376
CANDIDATE,0,0,0,0,6.54626149,2.67E-05,-2.67E-05,133.85964,0.00317,-0.00317,0.644,0.295,-0.438,2.75,0.111,-0.111,655.9,30,-30,2.19,0.22,-0.08,810,101.78,31.02,-14.45,24.8,3,5251,105,-105,4.581,0.01,-0.085,0.817,0.08,-0.029,292.23676,41.08588,15.855
CONFIRMED,0,0,0,0,12.71809866,2.32E-05,-2.32E-05,175.35526,0.00152,-0.00152,0.427,0.016,-0.427,3.0957,0.0562,-0.0562,1149.4,24.5,-24.5,2.31,0.17,-0.22,562,23.6,6.56,-6.6,52.7,1,4702,128,-142,4.592,0.058,-0.027,0.686,0.049,-0.067,292.91312,41.060921,15.389
CONFIRMED,0,0,0,0,36.06588163,8.31E-05,-8.31E-05,198.58423,0.00172,-0.00172,0.26,0.145,-0.26,4.3246,0.0634,-0.0634,1563.8,32.1,-32.1,2.64,0.19,-0.26,397,5.88,1.64,-1.64,51.7,2,4702,128,-142,4.592,0.058,-0.027,0.686,0.049,-0.067,292.91312,41.060921,15.389
CONFIRMED,0,0,0,0,4.190425659,1.61E-06,-1.61E-06,171.44122,0.000306,-0.000306,0.458,0.004,-0.377,2.8589,0.0224,-0.0224,2877.4,14.1,-14.1,6.21,2.05,-0.82,1234,547.9,549.04,-194.78,240.6,1,6073,190,-232,4.392,0.072,-0.217,1.135,0.375,-0.15,293.49661,41.137589,15.27
CONFIRMED,0,0,0,0,3.709870784,3.04E-06,-3.04E-06,171.987982,0.000638,-0.000638,0.023,0.323,-0.023,3.0694,0.0265,-0.0265,2020.3,20.1,-20.1,4.35,0.64,-0.28,1151,415.1,163.27,-72.1,116.1,1,5727,77,-85,4.463,0.04,-0.12,0.978,0.146,-0.062,283.86441,41.346458,15.581
CONFIRMED,0,0,0,0,16.3297527,3.61E-05,-3.61E-05,177.29506,0.00181,-0.00181,0.791,0.091,-0.541,6.271,0.112,-0.112,1187.5,18.1,-18.1,3.75,1.11,-0.47,727,66.08,57.11,-21.98,74.6,1,5878,158,-193,4.444,0.084,-0.196,0.987,0.291,-0.125,288.51001,41.301769,15.447
CONFIRMED,0,0,0,0,27.80756622,4.75E-06,-4.75E-06,186.713552,0.000134,-0.000134,0.782,0.002,-0.003,4.21587,0.00935,-0.00935,25391,47.3,-47.3,13.84,3.63,-1.21,554,22.24,17.69,-5.87,748.1,1,5862,177,-177,4.584,0.044,-0.176,0.785,0.206,-0.069,296.88821,41.396091,15.482
CONFIRMED,0,0,0,0,80.8723469,0.0001468,-0.0001468,203.895,0.00131,-0.00131,0.527,0.08,-0.309,11.195,0.13,-0.13,3604.6,25.9,-25.9,7.59,1.24,-1.52,452,9.88,4.3,-3.87,160.9,1,5510,82,-71,4.222,0.195,-0.105,1.238,0.202,-0.247,287.1543,41.565788,15.201
CONFIRMED,0,0,0,0,24.99324319,6.13E-05,-6.13E-05,138.68167,0.00197,-0.00197,0.686,0.015,-0.505,5.9409,0.0669,-0.0669,269.6,4.9,-4.9,2.29,0.12,-0.08,712,60.88,10.13,-7.34,62,1,5718,85,-77,4.181,0.018,-0.016,1.317,0.064,-0.048,287.36279,38.649601,12.377
CONFIRMED,0,0,0,0,10.35533116,2.09E-05,-2.09E-05,170.93729,0.0016,-0.0016,0.029,0.429,-0.029,3.1775,0.0602,-0.0602,750.6,17.4,-17.4,2.47,0.59,-0.31,777,86.22,62.02,-27.32,49.2,1,5501,164,-147,4.462,0.084,-0.168,0.918,0.217,-0.117,288.9942,41.633282,15.018
CONFIRMED,0,0,0,0,16.08518937,3.02E-05,-3.02E-05,180.28319,0.00145,-0.00145,0.867,0.011,-0.613,3.984,0.0875,-0.0875,1442.4,26.7,-26.7,3.68,0.54,-0.36,613,33.43,16.76,-9.37,62.6,1,5239,174,-158,4.523,0.06,-0.09,0.826,0.122,-0.081,292.10519,42.380322,15.219
CANDIDATE,0,0,0,0,235.9986399,0.0002773,-0.0002773,208.399822,0.000898,-0.000898,0.778,0.006,-0.008,8.2284,0.0606,-0.0606,20715,91.7,-91.7,10.59,0.35,-0.52,188,0.29,0.05,-0.04,271.8,1,4245,85,-85,4.627,0.03,-0.018,0.657,0.022,-0.032,293.00797,42.307201,15"
